UserID,letter,from_x,from_y,to_x,to_y,timeStamp
1657208318540,1,1,0,1,1,10:40:07
1657208318540,6,0,0,1,0,10:40:08
1657208318540,5,0,1,0,0,10:40:09
1657208318540,1,1,1,0,1,10:40:10
1657208318540,6,1,0,1,1,10:40:11
1657208318540,5,0,0,1,0,10:40:12
1657208318540,1,0,1,0,0,10:40:13
1657208318540,2,0,2,0,1,10:40:14
1657208318540,3,1,2,0,2,10:40:15
1657208318540,7,2,2,1,2,10:40:16
1657208318540,11,2,3,2,2,10:40:18
1657208318540,12,3,3,2,3,10:40:19
1657208506776,5,0,1,1,1,11:44:36
1657208506776,6,0,0,0,1,11:44:38
1657208506776,1,1,0,0,0,11:44:40
1657208506776,5,1,1,1,0,11:44:42
1657208506776,6,0,1,1,1,11:44:43
1657208506776,2,0,2,0,1,11:44:45
1657208506776,7,2,2,1,2,11:44:48
1657208506776,11,2,3,2,2,11:44:49
1657208506776,3,1,2,0,2,11:44:47
1657208506776,12,3,3,2,3,11:44:51
1657209804853,5,0,1,1,1,12:05:22
1657209804853,6,0,0,0,1,12:05:26
1657209804853,1,1,0,0,0,12:05:27
1657209804853,5,1,1,1,0,12:05:29
1657209804853,6,0,1,1,1,12:05:30
1657209804853,3,1,2,0,2,12:05:34
1657209804853,7,2,2,1,2,12:05:35
1657209804853,2,0,2,0,1,12:05:32
1657209804853,11,2,3,2,2,12:05:38
1657209804853,12,3,3,2,3,12:05:40
1657209818165,5,0,1,1,1,12:07:36
1657209818165,6,0,0,0,1,12:07:38
1657209818165,1,1,0,0,0,12:07:39
1657209818165,5,1,1,1,0,12:07:41
1657209818165,6,0,1,1,1,12:07:42
1657209818165,2,0,2,0,1,12:07:44
1657209818165,3,1,2,0,2,12:07:45
1657209818165,7,2,2,1,2,12:07:47
1657209818165,12,3,3,2,3,12:07:51
1657209818165,11,2,3,2,2,12:07:48
1657209980224,5,0,1,1,1,11:08:16
1657209980224,6,0,0,0,1,11:08:18
1657209980224,1,1,0,0,0,11:08:19
1657209980224,5,1,1,1,0,11:08:20
1657209980224,6,0,1,1,1,11:08:22
1657209980224,2,0,2,0,1,11:08:23
1657209980224,3,1,2,0,2,11:08:24
1657209980224,7,2,2,1,2,11:08:26
1657209980224,11,2,3,2,2,11:08:29
1657209980224,12,3,3,2,3,11:08:31
1657209998278,5,0,1,1,1,11:08:52
1657209998278,6,0,0,0,1,11:08:53
1657209998278,1,1,0,0,0,11:08:53
1657209998278,5,1,1,1,0,11:08:54
1657209998278,6,0,1,1,1,11:08:55
1657209998278,2,0,2,0,1,11:08:56
1657209998278,3,1,2,0,2,11:08:57
1657209998278,7,2,2,1,2,11:08:59
1657209998278,11,2,3,2,2,11:09:03
1657209998278,12,3,3,2,3,11:09:04
1657209996421,5,0,1,1,1,12:09:50
1657209996421,6,0,0,0,1,12:09:51
1657209996421,5,1,1,1,0,12:09:55
1657209996421,6,0,1,1,1,12:09:57
1657209996421,3,1,2,0,2,12:09:58
1657209996421,1,1,0,0,0,12:09:52
1657209996421,2,0,2,0,1,12:09:58
1657209996421,7,2,2,1,2,12:10:01
1657209996421,11,2,3,2,2,12:10:05
1657209996421,12,3,3,2,3,12:10:06
1657210099426,5,0,1,1,1,10:10:33
1657210099426,3,1,2,0,2,10:10:47
1657210099426,2,0,2,0,1,10:10:44
1657210099426,5,1,1,1,2,10:10:57
1657210099426,2,0,1,1,1,10:11:00
1657210099426,6,0,0,0,1,10:11:01
1657210099426,1,1,0,0,0,10:11:02
1657210099426,2,1,1,1,0,10:11:04
1657210099426,5,1,2,1,1,10:11:07
1657210099426,7,2,2,1,2,10:11:42
1657210099426,11,2,3,2,2,10:11:43
1657210099426,12,3,3,2,3,10:11:45
1657210099426,15,3,2,3,3,10:11:46
1657210099426,14,3,1,3,2,10:11:47
1657210099426,13,3,0,3,1,10:11:49
1657210099426,9,2,0,3,0,10:11:54
1657210099426,10,2,1,2,0,10:11:56
1657210099426,11,2,2,2,1,10:13:43
1657210099426,12,2,3,2,2,10:13:44
1657210099426,8,1,3,2,3,10:13:46
1657210099426,7,1,2,1,3,10:13:49
1657210099426,3,0,2,1,2,10:13:51
1657210099426,5,1,1,0,1,10:13:54
1657210099426,6,0,1,0,2,10:13:52
1657210099426,3,1,2,1,1,10:13:57
1657210099426,6,0,2,1,2,10:13:59
1657210099426,5,0,1,0,2,10:14:02
1657210099426,3,1,1,0,1,10:14:12
1657210099426,2,1,0,1,1,10:14:15
1657210099426,10,2,0,1,0,10:14:30
1657210099426,11,2,1,2,0,10:14:35
1657210099426,12,2,2,2,1,10:14:37
1657210099426,6,1,2,2,2,10:14:46
1657210099426,5,0,2,1,2,10:14:47
1657210099426,3,0,1,0,2,10:14:48
1657210099426,2,1,1,0,1,10:14:49
1657210099426,5,1,2,1,1,10:14:52
1657210099426,6,2,2,1,2,10:14:53
1657210099426,12,2,1,2,2,10:14:57
1657210099426,12,2,2,2,1,10:15:01
1657210099426,12,2,1,2,2,10:15:03
1657210099426,11,2,0,2,1,10:15:05
1657210099426,8,2,3,1,3,10:15:13
1657210099426,6,1,2,1,1,10:15:10
1657210099426,7,1,3,1,2,10:15:11
1657210099426,10,1,0,2,0,10:15:08
1657210099426,5,1,1,1,0,10:15:09
1657210099426,10,2,0,2,1,10:15:18
1657210099426,9,3,0,2,0,10:15:19
1657210099426,12,2,2,2,3,10:15:16
1657210099426,13,3,1,3,0,10:15:20
1657210099426,11,2,1,2,2,10:15:17
1657210099426,14,3,2,3,1,10:15:21
1657210099426,15,3,3,3,2,10:15:22
1657210359013,5,0,1,1,1,11:15:00
1657210359013,6,0,0,0,1,11:15:03
1657210359013,1,1,0,0,0,11:15:05
1657210359013,5,1,1,1,0,11:15:07
1657210359013,6,0,1,1,1,11:15:09
1657210359013,2,0,2,0,1,11:15:11
1657210359013,3,1,2,0,2,11:15:13
1657210359013,7,2,2,1,2,11:15:15
1657210359013,11,2,3,2,2,11:15:18
1657210359013,12,3,3,2,3,11:15:20
1657210461354,5,0,1,1,1,12:17:25
1657210461354,6,0,0,0,1,12:17:26
1657210461354,5,1,1,1,0,12:17:28
1657210461354,6,0,1,1,1,12:17:28
1657210461354,2,0,2,0,1,12:17:29
1657210461354,1,1,0,0,0,12:17:27
1657210461354,3,1,2,0,2,12:17:30
1657210461354,7,2,2,1,2,12:17:31
1657210461354,11,2,3,2,2,12:17:35
1657210461354,12,3,3,2,3,12:17:36
1657210421904,5,0,1,1,1,12:19:19
1657210421904,6,0,0,0,1,12:19:21
1657210421904,1,1,0,0,0,12:19:22
1657210421904,5,1,1,1,0,12:19:24
1657210421904,6,0,1,1,1,12:19:25
1657210421904,3,1,2,0,2,12:19:27
1657210421904,15,3,2,2,2,12:19:35
1657210421904,12,3,3,3,2,12:19:36
1657210421904,11,2,3,3,3,12:19:37
1657210421904,2,0,2,0,1,12:19:26
1657210421904,7,2,2,1,2,12:19:30
1657210421904,15,2,2,2,3,12:19:37
1657210421904,11,3,3,3,2,12:19:39
1657210421904,15,2,3,3,3,12:19:40
1657210421904,12,2,2,2,3,12:19:41
1657210421904,12,3,2,2,2,12:19:38
1657210421904,11,3,2,2,2,12:19:43
1657210421904,15,3,3,3,2,12:19:44
1657210556144,5,0,1,1,1,11:21:44
1657210556144,6,0,0,0,1,11:21:46
1657210556144,1,1,0,0,0,11:21:47
1657210556144,5,1,1,1,0,11:21:51
1657210556144,6,0,1,1,1,11:21:56
1657210556144,2,0,2,0,1,11:21:57
1657210556144,3,1,2,0,2,11:21:58
1657210556144,12,3,3,2,3,11:22:03
1657210556144,7,2,2,1,2,11:22:00
1657210556144,11,2,3,2,2,11:22:02
1657210794863,5,0,1,1,1,12:23:01
1657210794863,2,0,2,0,1,12:23:03
1657210794863,3,1,2,0,2,12:23:05
1657210794863,7,2,2,1,2,12:23:16
1657210794863,10,2,1,2,2,12:23:23
1657210794863,9,2,0,2,1,12:23:28
1657210794863,6,0,0,1,0,12:23:57
1657210794863,1,1,0,2,0,12:23:50
1657210794863,6,1,0,0,0,12:24:06
1657210794863,5,1,1,1,0,12:24:08
1657210794863,2,0,1,1,1,12:24:12
1657210794863,6,0,0,0,1,12:24:14
1657210794863,5,1,0,0,0,12:24:15
1657210794863,1,2,0,1,0,12:24:16
1657210794863,9,2,1,2,0,12:24:19
1657210794863,10,2,2,2,1,12:24:24
1657210794863,11,2,3,2,2,12:24:25
1657210794863,12,3,3,2,3,12:24:27
1657210794863,15,3,2,3,3,12:24:28
1657210794863,14,3,1,3,2,12:24:29
1657210794863,13,3,0,3,1,12:24:33
1657210794863,9,2,0,3,0,12:24:40
1657210794863,10,2,1,2,0,12:24:46
1657210794863,2,1,1,2,1,12:24:48
1657210794863,6,0,1,1,1,12:24:50
1657210794863,5,0,0,0,1,12:24:52
1657210794863,1,1,0,0,0,12:24:53
1657210794863,6,1,1,1,0,12:25:01
1657210794863,5,0,1,1,1,12:25:03
1657210794863,5,1,1,0,1,12:25:31
1657210794863,2,2,1,1,1,12:25:33
1657210794863,9,3,0,2,0,12:25:37
1657210794863,10,2,0,2,1,12:25:36
1657210794863,10,2,1,3,1,12:25:49
1657210794863,7,1,2,2,2,12:25:53
1657210794863,3,0,2,1,2,12:25:55
1657210794863,13,3,1,3,0,12:25:46
1657210794863,5,0,1,0,2,12:25:58
1657210794863,2,1,1,0,1,12:26:00
1657210794863,11,2,2,2,1,12:25:52
1657210794863,11,2,1,1,1,12:26:14
1657210794863,7,2,2,2,1,12:26:16
1657210794863,12,2,3,2,2,12:26:19
1657210794863,8,1,3,2,3,12:26:21
1657210794863,4,0,3,1,3,12:26:29
1657210794863,5,0,2,0,3,12:26:31
1657210794863,4,1,3,1,2,12:26:36
1657210794863,5,0,3,1,3,12:26:37
1657210794863,3,0,2,0,3,12:26:38
1657210794863,3,1,2,0,2,12:26:32
1657210794863,5,1,3,1,2,12:26:45
1657210794863,3,0,3,1,3,12:26:48
1657210794863,4,0,2,0,3,12:26:51
1657210794863,5,1,2,0,2,12:26:52
1657210794863,3,1,3,1,2,12:26:53
1657210794863,4,0,3,1,3,12:26:53
1657210794863,4,1,3,0,3,12:26:56
1657210794863,4,1,2,0,2,12:26:41
1657210794863,3,1,2,1,3,12:26:58
1657210794863,5,0,2,1,2,12:26:59
1657210794863,5,1,2,1,3,12:27:06
1657210794863,4,0,2,1,2,12:27:10
1657210794863,3,0,3,0,2,12:27:10
1657210794863,4,0,3,0,2,12:27:03
1657210794863,5,1,3,0,3,12:27:13
1657210794863,3,1,3,0,3,12:27:04
1657210794863,4,1,2,1,3,12:27:13
1657210794863,3,0,2,1,2,12:27:16
1657210794863,3,1,2,0,2,12:27:20
1657210794863,11,1,1,1,2,12:27:22
1657210794863,12,2,2,2,1,12:27:25
1657210794863,8,2,3,2,2,12:27:27
1657210794863,15,3,3,2,3,12:27:29
1657210794863,7,2,1,1,1,12:27:24
1657210794863,11,1,2,2,2,12:27:35
1657210794863,15,2,3,3,3,12:27:32
1657210794863,3,0,2,1,2,12:27:45
1657210794863,8,2,2,2,3,12:27:35
1657210794863,3,1,2,0,2,12:27:47
1657210794863,11,2,2,1,2,12:27:49
1657210794863,8,2,3,2,2,12:27:50
1657210794863,5,0,3,1,3,12:27:54
1657210794863,3,0,2,0,3,12:27:55
1657210794863,11,1,2,0,2,12:27:57
1657210794863,4,1,3,2,3,12:27:52
1657210794863,5,1,3,1,2,12:27:59
1657210794863,4,2,3,1,3,12:27:59
1657210794863,8,2,2,2,3,12:28:00
1657210794863,8,2,3,2,2,12:28:04
1657210794863,11,0,2,1,2,12:28:16
1657210794863,3,0,3,0,2,12:28:17
1657210794863,8,2,2,2,3,12:28:12
1657210794863,5,1,2,2,2,12:28:14
1657210794863,11,1,2,1,3,12:28:23
1657210794863,4,1,3,0,3,12:28:18
1657210794863,7,1,2,1,1,12:28:31
1657210794863,7,1,1,1,2,12:28:32
1657210794863,7,1,1,1,2,12:28:27
1657210794863,6,1,0,1,1,12:28:39
1657210794863,9,2,0,1,0,12:28:43
1657210794863,12,2,1,2,0,12:28:46
1657210794863,5,2,2,2,1,12:28:46
1657210794863,7,1,2,2,2,12:28:47
1657210794863,5,2,1,1,1,12:28:50
1657210794863,12,2,0,2,1,12:28:51
1657210794863,9,1,0,2,0,12:28:52
1657210794863,5,1,1,1,0,12:28:53
1657210794863,6,1,2,1,1,12:28:55
1657210794863,6,1,1,1,2,12:28:49
1657210794863,7,2,2,1,2,12:28:57
1657210794863,8,2,3,2,2,12:29:02
1657210794863,11,1,3,2,3,12:29:03
1657210794863,7,1,2,1,3,12:29:08
1657210794863,8,2,2,1,2,12:29:09
1657210794863,11,2,3,2,2,12:29:10
1657210794863,14,3,2,3,3,12:29:15
1657210794863,8,1,2,2,2,12:29:18
1657210794863,7,1,3,1,2,12:29:19
1657210794863,7,1,2,1,3,12:29:23
1657210794863,8,2,2,1,2,12:29:25
1657210794863,15,3,3,2,3,12:29:13
1657210794863,11,2,2,3,2,12:29:16
1657210794863,12,2,1,2,2,12:29:28
1657210794863,9,2,0,2,1,12:29:29
1657210794863,5,1,0,2,0,12:29:30
1657210794863,6,1,1,1,0,12:29:31
1657210794863,8,1,2,1,1,12:29:35
1657210794863,15,2,3,1,3,12:29:42
1657210794863,12,2,2,2,3,12:29:43
1657210794863,7,1,2,2,2,12:29:49
1657210794863,7,1,3,1,2,12:29:37
1657210794863,9,2,1,1,1,12:30:01
1657210794863,7,2,2,2,1,12:30:02
1657210794863,8,1,1,1,2,12:29:55
1657210794863,9,1,1,1,2,12:30:04
1657210794863,7,2,1,1,1,12:30:05
1657210794863,8,1,2,2,2,12:30:03
1657210794863,8,2,2,2,1,12:30:11
1657210794863,12,2,3,2,2,12:30:15
1657210794863,9,1,2,1,3,12:30:18
1657210794863,12,2,2,1,2,12:30:22
1657210794863,8,2,1,2,2,12:30:23
1657210794863,7,1,1,2,1,12:30:25
1657210794863,12,1,2,1,1,12:30:26
1657210794863,8,2,2,1,2,12:30:26
1657210794863,15,1,3,2,3,12:30:16
1657210794863,7,2,1,2,2,12:30:43
1657210794863,8,1,2,1,1,12:30:45
1657210794863,15,2,3,2,2,12:30:50
1657210794863,12,1,1,2,1,12:30:44
1657210794863,9,1,3,2,3,12:30:54
1657210794863,7,1,2,1,3,12:31:02
1657210794863,7,2,2,1,2,12:30:46
1657210794863,8,1,1,1,2,12:31:05
1657210794863,6,1,0,1,1,12:31:06
1657210794863,5,2,0,1,0,12:31:07
1657210794863,12,2,1,2,0,12:31:11
1657210794863,8,1,2,2,2,12:31:15
1657210794863,15,2,2,2,1,12:31:13
1657210794863,7,1,3,1,2,12:31:18
1657210794863,9,2,3,1,3,12:31:19
1657210794863,8,2,2,2,3,12:31:23
1657210794863,7,1,2,2,2,12:31:32
1657210794863,9,1,3,1,2,12:31:34
1657210794863,8,2,3,1,3,12:31:35
1657210794863,7,2,2,2,3,12:31:36
1657210794863,9,1,2,2,2,12:31:37
1657210794863,8,1,3,1,2,12:31:39
1657210794863,7,2,3,1,3,12:31:40
1657210794863,14,3,3,2,3,12:31:41
1657210794863,11,3,2,3,3,12:31:42
1657210794863,9,2,2,3,2,12:31:50
1657210794863,14,2,3,2,2,12:31:52
1657210794863,7,1,3,2,3,12:31:55
1657210794863,8,1,2,1,3,12:31:56
1657210794863,14,2,2,1,2,12:31:57
1657210794863,7,2,3,2,2,12:31:58
1657210794863,8,1,3,2,3,12:32:02
1657210794863,7,2,2,1,2,12:32:04
1657210794863,7,1,2,2,2,12:32:06
1657210794863,8,2,3,1,3,12:32:08
1657210794863,7,2,2,2,3,12:32:09
1657210794863,14,1,2,1,3,12:32:04
1657210794863,14,1,2,2,2,12:32:10
1657210794863,14,1,3,1,2,12:32:07
1657210794863,14,2,2,1,2,12:32:15
1657210794863,7,2,3,2,2,12:32:18
1657210794863,8,1,3,2,3,12:32:22
1657210794863,7,2,2,1,2,12:32:25
1657210794863,9,3,2,2,2,12:32:31
1657210794863,11,3,3,3,2,12:32:34
1657210794863,14,1,3,2,3,12:32:36
1657210794863,14,1,2,1,3,12:32:23
1657210794863,6,1,1,1,2,12:32:43
1657210794863,6,1,2,1,1,12:32:44
1657210794863,9,2,2,1,2,12:32:47
1657210794863,8,2,3,3,3,12:32:34
1657210794863,14,2,3,2,2,12:32:49
1657210794863,8,3,3,2,3,12:32:50
1657210794863,14,2,2,3,2,12:32:53
1657210794863,7,1,2,1,3,12:32:41
1657210794863,11,3,2,3,3,12:32:52
1657210794863,9,1,2,2,2,12:32:55
1657210794863,7,1,3,1,2,12:32:56
1657210794863,8,2,3,1,3,12:32:56
1657210794863,11,3,3,2,3,12:33:04
1657210794863,14,3,2,3,3,12:33:05
1657210794863,15,2,1,3,1,12:33:08
1657210794863,9,2,2,2,1,12:33:10
1657210794863,10,3,2,2,2,12:33:12
1657210794863,15,3,1,3,2,12:33:14
1657210794863,13,3,0,3,1,12:33:16
1657210794863,12,2,0,3,0,12:33:18
1657210794863,9,2,1,2,0,12:33:19
1657210794863,10,2,2,2,1,12:33:20
1657210794863,11,2,3,2,2,12:33:24
1657210794863,11,2,2,2,3,12:33:28
1657210794863,10,2,1,2,2,12:33:31
1657210794863,10,3,1,3,2,12:33:07
1657210794863,13,3,1,2,1,12:33:34
1657210794863,12,3,0,3,1,12:33:35
1657210794863,9,2,0,3,0,12:33:36
1657210794863,13,2,1,2,0,12:33:37
1657210794863,10,2,2,2,1,12:33:39
1657210794863,10,2,1,3,1,12:33:46
1657210794863,15,2,2,2,1,12:33:47
1657210794863,11,2,3,2,2,12:33:48
1657210794863,14,3,3,2,3,12:33:51
1657210794863,12,3,2,3,3,12:33:52
1657210794863,11,2,2,3,2,12:33:53
1657210794863,15,2,1,2,2,12:33:56
1657210794863,10,3,1,2,1,12:33:57
1657210794863,15,3,2,2,2,12:33:40
1657210794863,10,2,1,3,1,12:34:02
1657210794863,12,3,1,3,2,12:33:44
1657210794863,13,2,0,2,1,12:34:03
1657210794863,9,3,0,2,0,12:34:04
1657210794863,9,2,0,3,0,12:34:07
1657210794863,15,2,2,2,1,12:34:13
1657210794863,11,3,2,2,2,12:34:15
1657210794863,9,3,0,3,1,12:34:17
1657210794863,10,3,1,3,2,12:34:16
1657210794863,9,3,1,2,1,12:34:20
1657210794863,13,2,1,2,0,12:34:09
1657210794863,10,3,2,3,1,12:34:21
1657210794863,15,2,1,2,0,12:34:19
1657210794863,12,3,3,3,2,12:34:28
1657210794863,13,2,0,3,0,12:34:18
1657210794863,11,2,2,2,3,12:34:34
1657210794863,14,2,3,3,3,12:34:29
1657210794863,10,3,1,3,2,12:34:37
1657210794863,13,3,0,3,1,12:34:39
1657210794863,13,3,1,2,1,12:34:42
1657210794863,10,3,2,3,1,12:34:43
1657210794863,13,2,1,2,2,12:34:45
1657210794863,12,3,2,3,1,12:34:50
1657210794863,14,3,3,3,2,12:34:53
1657210794863,12,3,2,2,2,12:34:36
1657210794863,11,2,3,3,3,12:34:54
1657210794863,13,2,2,2,3,12:34:54
1657210794863,15,2,0,3,0,12:34:40
1657210794863,9,2,1,2,0,12:34:41
1657210794863,14,3,2,2,2,12:34:55
1657210794863,11,3,3,3,2,12:34:56
1657210794863,12,2,2,3,2,12:34:44
1657210794863,13,2,3,3,3,12:34:56
1657210794863,10,3,1,2,1,12:34:46
1657210794863,11,3,2,2,2,12:34:58
1657210794863,12,3,1,3,2,12:34:59
1657210794863,12,3,2,2,2,12:35:04
1657210794863,13,3,3,3,2,12:35:06
1657210794863,14,2,3,3,3,12:35:07
1657210794863,12,2,2,2,3,12:35:08
1657210794863,13,3,2,2,2,12:35:10
1657210794863,14,2,2,2,3,12:34:57
1657210794863,10,3,1,3,2,12:35:13
1657210794863,10,2,1,3,1,12:35:02
1657210794863,11,2,2,2,1,12:35:03
1657210794863,13,2,2,3,2,12:35:17
1657210794863,10,3,2,3,1,12:35:16
1657210794863,11,2,1,2,2,12:35:18
1657210794863,10,3,1,2,1,12:35:20
1657210794863,13,3,2,3,1,12:35:27
1657210794863,14,3,3,3,2,12:35:30
1657210794863,14,3,2,3,3,12:35:34
1657210794863,15,3,0,3,1,12:35:36
1657210794863,13,3,1,3,2,12:35:35
1657210794863,9,2,0,3,0,12:35:45
1657210794863,10,2,1,2,0,12:35:46
1657210794863,15,3,1,2,1,12:35:48
1657210794863,13,3,2,3,1,12:35:52
1657210794863,15,2,1,2,2,12:36:00
1657210794863,10,2,0,2,1,12:36:02
1657210794863,11,2,2,3,2,12:35:59
1657210794863,9,3,0,2,0,12:36:03
1657210794863,13,3,1,3,0,12:36:06
1657210794863,10,2,1,3,1,12:36:13
1657210794863,15,2,2,2,1,12:36:14
1657210794863,11,3,2,2,2,12:36:16
1657210794863,14,3,3,3,2,12:36:21
1657210794863,12,2,3,3,3,12:36:22
1657210794863,11,2,2,2,3,12:36:24
1657210794863,15,2,1,2,2,12:36:25
1657210794863,10,3,1,2,1,12:36:27
1657210794863,14,3,2,3,1,12:36:30
1657210794863,15,2,2,3,2,12:36:32
1657210794863,12,3,3,2,3,12:36:34
1657210794863,11,2,3,2,2,12:36:33
1657210780716,3,1,2,1,1,09:24:44
1657210780716,2,0,2,1,2,09:24:46
1657210780716,5,0,1,0,2,09:25:04
1657210780716,6,0,0,0,1,09:25:09
1657210780716,1,1,0,0,0,09:25:13
1657210780716,3,1,1,1,0,09:25:19
1657210780716,6,0,1,1,1,09:25:24
1657210780716,5,0,2,0,1,09:25:26
1657210780716,2,1,2,0,2,09:25:29
1657210780716,5,0,1,1,1,09:25:32
1657210780716,2,0,2,0,1,09:25:34
1657210780716,6,1,1,1,2,09:25:30
1657210780716,8,1,3,0,3,09:25:41
1657210780716,6,1,2,1,3,09:25:43
1657210780716,5,1,1,1,2,09:25:45
1657210780716,3,1,0,1,1,09:25:46
1657210780716,4,0,3,0,2,09:25:39
1657210780716,9,2,0,1,0,09:25:57
1657210780716,10,2,1,2,0,09:25:58
1657210780716,7,2,2,2,1,09:26:00
1657210780716,11,2,3,2,2,09:26:03
1657210780716,8,0,3,1,3,09:26:11
1657210780716,6,1,3,2,3,09:26:07
1657210780716,4,0,2,0,3,09:26:12
1657210780716,5,1,2,0,2,09:26:14
1657210780716,3,1,1,1,2,09:26:19
1657210780716,7,2,1,1,1,09:26:21
1657210780716,6,2,3,2,2,09:26:23
1657210780716,8,1,3,2,3,09:26:25
1657210780716,5,0,2,0,3,09:26:28
1657210780716,3,1,2,0,2,09:26:29
1657210780716,11,2,2,2,1,09:26:22
1657210780716,7,1,1,1,2,09:26:39
1657210780716,4,0,3,1,3,09:26:26
1657210780716,11,2,1,1,1,09:26:41
1657210780716,6,2,2,2,1,09:26:42
1657210780716,8,2,3,2,2,09:26:43
1657210780716,4,1,3,2,3,09:26:45
1657210780716,5,0,3,1,3,09:26:53
1657210780716,5,1,3,0,3,09:27:01
1657210780716,8,2,2,2,3,09:27:04
1657210780716,7,1,2,2,2,09:27:05
1657210780716,3,0,2,1,2,09:27:10
1657210780716,4,2,3,1,3,09:27:02
1657210780716,5,0,3,0,2,09:27:15
1657210780716,4,1,3,0,3,09:27:17
1657210780716,3,1,2,1,3,09:27:18
1657210780716,5,0,2,1,2,09:27:19
1657210780716,3,1,3,0,3,09:27:30
1657210780716,4,0,3,0,2,09:27:25
1657210780716,8,2,3,1,3,09:27:41
1657210780716,7,2,2,2,3,09:27:42
1657210780716,5,1,2,2,2,09:27:44
1657210780716,4,0,2,1,2,09:27:45
1657210780716,3,0,2,0,3,09:27:56
1657210780716,2,0,1,0,2,09:27:58
1657210780716,1,0,0,0,1,09:28:00
1657210780716,3,0,3,0,2,09:27:47
1657210780716,9,1,0,0,0,09:28:01
1657210780716,11,1,1,1,0,09:28:03
1657210780716,2,0,2,0,1,09:28:18
1657210780716,3,0,3,0,2,09:28:20
1657210780716,1,0,1,1,1,09:28:17
1657210780716,8,1,3,0,3,09:28:21
1657210780716,4,1,2,1,3,09:28:26
1657210780716,5,2,2,1,2,09:28:33
1657210780716,10,2,0,2,1,09:28:35
1657210780716,11,1,0,2,0,09:28:37
1657210780716,1,1,1,1,0,09:28:39
1657210780716,6,2,1,2,2,09:28:34
1657210780716,9,0,0,0,1,09:28:45
1657210780716,2,0,1,1,1,09:28:41
1657210780716,1,1,0,0,0,09:28:46
1657210780716,2,1,1,1,0,09:28:48
1657210780716,9,0,1,1,1,09:28:57
1657210780716,3,0,2,0,1,09:29:22
1657210780716,4,1,3,0,3,09:29:32
1657210780716,5,1,2,1,3,09:29:36
1657210780716,8,0,3,0,2,09:29:25
1657210780716,8,0,2,1,2,09:29:38
1657210780716,3,0,1,1,1,09:29:46
1657210780716,8,0,2,0,1,09:29:47
1657210780716,9,1,2,0,2,09:29:49
1657210780716,3,1,1,1,2,09:29:50
1657210780716,2,1,0,1,1,09:29:52
1657210780716,11,2,0,1,0,09:29:54
1657210780716,10,2,1,2,0,09:29:55
1657210780716,6,2,2,2,1,09:29:56
1657210780716,8,1,2,0,2,09:29:43
1657210780716,9,1,1,1,2,09:29:44
1657210780716,7,2,3,2,2,09:29:58
1657210780716,9,0,2,0,3,09:30:02
1657210780716,8,0,1,0,2,09:30:03
1657210780716,2,1,1,0,1,09:30:04
1657210780716,5,1,3,2,3,09:29:59
1657210780716,4,0,3,1,3,09:30:01
1657210780716,11,1,0,1,1,09:30:08
1657210780716,7,2,2,2,1,09:30:14
1657210780716,10,2,0,1,0,09:30:09
1657210780716,6,2,1,2,0,09:30:11
1657210780716,5,2,3,2,2,09:30:17
1657210780716,4,1,3,2,3,09:30:20
1657210780716,8,0,2,0,3,09:30:22
1657210780716,3,1,2,0,2,09:30:24
1657210780716,9,0,3,1,3,09:30:21
1657210780716,11,1,1,1,2,09:30:42
1657210780716,10,1,0,1,1,09:30:44
1657210780716,6,2,0,1,0,09:30:45
1657210780716,5,2,2,2,1,09:30:47
1657210780716,8,0,3,1,3,09:30:54
1657210780716,11,1,2,2,2,09:30:51
1657210780716,9,1,3,1,2,09:30:53
1657210780716,7,2,1,2,0,09:30:46
1657210780716,8,1,3,0,3,09:31:15
1657210780716,4,2,3,1,3,09:31:16
1657210780716,11,2,2,2,3,09:31:18
1657210780716,7,2,0,2,1,09:31:21
1657210780716,5,2,1,2,2,09:31:20
1657210780716,10,1,1,1,0,09:31:24
1657210780716,6,1,0,2,0,09:31:22
1657210780716,9,1,2,1,1,09:31:25
1657210780716,3,0,2,1,2,09:31:26
1657210780716,4,1,3,0,3,09:31:28
1657210780716,8,0,3,0,2,09:31:27
1657210780716,4,0,3,1,3,09:31:37
1657210780716,8,0,2,0,3,09:31:38
1657210780716,3,1,2,0,2,09:31:40
1657210780716,4,1,3,1,2,09:32:25
1657210780716,8,0,3,1,3,09:32:26
1657210780716,3,0,2,0,3,09:32:28
1657210780716,4,1,2,0,2,09:32:29
1657210780716,5,2,2,1,2,09:32:31
1657210780716,7,2,1,2,2,09:32:34
1657210780716,6,2,0,2,1,09:32:36
1657210780716,10,1,0,2,0,09:32:38
1657210780716,9,1,1,1,0,09:32:39
1657210780716,7,2,2,1,2,09:32:44
1657210780716,6,2,1,2,2,09:32:45
1657210780716,10,2,0,2,1,09:32:47
1657210780716,9,1,0,2,0,09:32:48
1657210780716,5,1,1,1,0,09:32:49
1657210780716,5,1,2,1,1,09:32:41
1657210780716,7,1,2,1,1,09:33:00
1657210780716,6,2,2,1,2,09:33:01
1657210780716,11,2,3,2,2,09:33:05
1657210780716,8,1,3,2,3,09:33:06
1657210780716,6,1,2,1,3,09:33:17
1657210780716,10,2,1,1,1,09:33:23
1657210780716,11,2,2,2,1,09:33:24
1657210780716,8,2,3,2,2,09:33:25
1657210780716,6,1,3,2,3,09:33:29
1657210780716,7,1,2,1,3,09:33:30
1657210780716,8,2,2,1,2,09:33:34
1657210780716,11,2,1,2,2,09:33:37
1657210780716,7,1,1,1,2,09:33:21
1657210780716,8,1,2,2,2,09:33:49
1657210780716,7,1,3,1,2,09:33:52
1657210780716,6,2,3,1,3,09:33:56
1657210780716,8,2,2,2,3,09:33:57
1657210780716,7,1,2,2,2,09:33:59
1657210780716,4,0,2,1,2,09:34:00
1657210780716,3,0,3,0,2,09:34:01
1657210780716,6,1,3,0,3,09:34:05
1657210780716,11,2,2,2,1,09:33:48
1657210780716,4,1,2,1,3,09:34:08
1657210780716,3,0,2,1,2,09:34:11
1657210780716,3,1,2,1,3,09:34:21
1657210780716,4,1,3,0,3,09:34:19
1657210780716,6,0,2,1,2,09:34:25
1657210780716,3,1,3,0,3,09:34:31
1657210780716,6,0,3,0,2,09:34:18
1657210780716,4,0,3,0,2,09:34:29
1657210780716,7,2,2,2,3,09:34:38
1657210780716,8,2,3,1,3,09:34:34
1657210780716,11,2,1,2,2,09:34:42
1657210780716,10,1,1,2,1,09:34:43
1657210780716,6,1,2,1,1,09:34:44
1657210780716,8,1,3,1,2,09:34:48
1657210780716,3,0,3,1,3,09:34:50
1657210780716,4,0,2,0,3,09:34:51
1657210780716,8,1,2,0,2,09:34:53
1657210780716,3,1,3,1,2,09:34:54
1657210780716,7,2,3,1,3,09:34:56
1657210780716,11,2,2,2,3,09:34:59
1657210780716,10,2,1,2,2,09:35:04
1657210780716,6,1,1,2,1,09:35:09
1657210780716,2,0,1,1,1,09:35:11
1657210780716,8,0,2,0,1,09:35:12
1657210780716,3,1,2,0,2,09:35:14
1657210780716,2,1,1,1,2,09:35:18
1657210780716,5,1,0,1,1,09:35:20
1657210780716,1,0,0,1,0,09:35:21
1657210780716,5,1,1,0,1,09:35:28
1657210780716,1,1,0,1,1,09:35:31
1657210780716,8,0,1,0,0,09:35:22
1657210780716,8,0,0,1,0,09:35:43
1657210780716,5,0,1,0,0,09:35:48
1657210780716,1,1,1,0,1,09:35:55
1657210780716,2,1,2,1,1,09:35:56
1657210780716,7,1,3,1,2,09:36:00
1657210780716,11,2,3,1,3,09:36:02
1657210780716,10,2,2,2,3,09:36:03
1657210780716,6,2,1,2,2,09:36:05
1657210780716,9,2,0,2,1,09:36:06
1657210780716,8,1,0,2,0,09:36:07
1657210780716,5,0,0,1,0,09:36:09
1657210780716,1,0,1,0,0,09:36:10
1657210780716,2,1,1,0,1,09:36:11
1657210780716,7,1,2,1,1,09:36:24
1657210780716,6,2,2,1,2,09:36:26
1657210780716,7,1,1,2,1,09:36:28
1657210780716,9,2,1,2,2,09:36:26
1657210780716,6,1,2,1,1,09:36:29
1657210780716,11,1,3,1,2,09:36:31
1657210780716,10,2,3,1,3,09:36:32
1657210780716,9,2,2,2,3,09:36:34
1657210780716,7,2,1,2,2,09:36:35
1657210780716,8,2,0,2,1,09:36:40
1657210780716,5,1,0,2,0,09:37:02
1657210780716,6,1,1,1,0,09:37:03
1657210780716,11,1,2,1,1,09:37:04
1657210780716,7,2,2,2,3,09:37:09
1657210780716,10,1,3,1,2,09:37:05
1657210780716,8,2,1,2,2,09:37:10
1657210780716,9,2,3,1,3,09:37:07
1657210780716,5,2,0,2,1,09:37:13
1657210780716,6,1,0,2,0,09:37:14
1657210780716,11,1,1,1,0,09:37:15
1657210780716,10,1,2,1,1,09:37:16
1657210780716,9,1,3,1,2,09:37:17
1657210780716,7,2,3,1,3,09:37:18
1657210780716,8,2,2,2,3,09:37:20
1657210780716,6,2,0,2,1,09:37:27
1657210780716,11,1,0,2,0,09:37:28
1657210780716,10,1,1,1,0,09:37:29
1657210780716,9,1,2,1,1,09:37:30
1657210780716,11,2,0,2,1,09:37:34
1657210780716,10,1,0,2,0,09:37:35
1657210780716,5,2,1,2,2,09:37:25
1657210780716,6,2,1,2,2,09:37:33
1657210780716,5,2,2,1,2,09:37:31
1657210780716,9,1,1,1,0,09:37:38
1657210780716,5,1,2,1,1,09:37:40
1657210780716,6,2,2,1,2,09:37:41
1657210780716,11,2,1,2,2,09:37:43
1657210780716,10,2,0,2,1,09:37:44
1657210780716,9,1,0,2,0,09:37:45
1657210780716,6,1,2,1,1,09:37:49
1657210780716,7,1,3,1,2,09:37:51
1657210780716,12,3,3,2,3,09:37:53
1657210780716,8,2,3,1,3,09:37:52
1657210780716,5,1,1,1,0,09:37:48
1657210761245,5,0,1,1,1,11:24:49
1657210761245,6,0,0,0,1,11:24:51
1657210761245,1,1,0,0,0,11:24:53
1657210761245,5,1,1,1,0,11:24:56
1657210761245,6,0,1,1,1,11:25:01
1657210761245,2,0,2,0,1,11:25:02
1657210761245,3,1,2,0,2,11:25:03
1657210761245,7,2,2,1,2,11:25:06
1657210761245,11,2,3,2,2,11:25:09
1657210761245,12,3,3,2,3,11:25:11
1657211073669,5,0,1,1,1,12:26:23
1657211073669,6,0,0,0,1,12:26:24
1657211073669,1,1,0,0,0,12:26:25
1657211073669,5,1,1,1,0,12:26:27
1657211073669,2,0,2,0,1,12:26:29
1657211073669,3,1,2,0,2,12:26:30
1657211073669,7,2,2,1,2,12:26:36
1657211073669,15,3,2,2,2,12:26:41
1657211073669,12,3,3,3,2,12:26:42
1657211073669,12,3,2,2,2,12:26:47
1657211073669,12,2,2,3,2,12:26:54
1657211073669,15,2,3,2,2,12:26:57
1657211073669,11,3,3,2,3,12:26:58
1657211073669,12,3,2,3,3,12:27:00
1657211073669,11,2,3,3,3,12:26:43
1657211073669,11,2,3,2,2,12:27:01
1657211073669,15,2,2,3,2,12:27:01
1657211073669,15,2,2,2,3,12:26:46
1657211073669,12,3,3,2,3,12:27:02
1657211073669,6,0,1,1,1,12:26:28
1657210790770,5,0,1,1,1,11:28:37
1657210790770,6,0,0,0,1,11:28:38
1657210790770,1,1,0,0,0,11:28:39
1657210790770,5,1,1,1,0,11:28:45
1657210790770,6,0,1,1,1,11:28:47
1657210790770,2,0,2,0,1,11:28:48
1657210790770,3,1,2,0,2,11:28:50
1657210790770,7,2,2,1,2,11:28:51
1657210790770,11,2,3,2,2,11:29:05
1657210790770,12,3,3,2,3,11:29:06
1657211207862,5,0,1,1,1,12:28:23
1657211207862,6,0,0,0,1,12:28:25
1657211207862,1,1,0,0,0,12:28:26
1657211207862,5,1,1,1,0,12:28:27
1657211207862,2,0,2,0,1,12:28:29
1657211207862,3,1,2,0,2,12:28:29
1657211207862,7,2,2,1,2,12:28:32
1657211207862,11,2,3,2,2,12:28:34
1657211207862,6,0,1,1,1,12:28:28
1657211207862,12,3,3,2,3,12:28:35
1657211007756,5,0,1,1,1,11:29:13
1657211007756,3,1,2,0,2,11:29:24
1657211007756,2,0,2,0,1,11:29:21
1657211007756,7,2,2,1,2,11:29:46
1657211007756,11,2,3,2,2,11:29:54
1657211007756,12,3,3,2,3,11:30:00
1657211007756,15,3,2,3,3,11:30:13
1657211007756,13,3,0,3,1,11:30:15
1657211007756,14,3,1,3,2,11:30:14
1657211007756,9,2,0,3,0,11:30:34
1657211007756,1,1,0,2,0,11:30:39
1657211007756,2,0,1,0,0,11:30:47
1657211007756,5,1,1,0,1,11:30:49
1657211007756,6,0,0,1,0,11:30:46
1657211007756,2,0,0,1,0,11:31:06
1657211007756,6,1,0,1,1,11:30:50
1657211007756,1,2,0,1,0,11:31:02
1657211007756,1,1,0,2,0,11:31:04
1657211007756,6,1,1,1,0,11:31:23
1657211007756,2,1,0,0,0,11:31:22
1657211007756,2,0,0,0,1,11:31:27
1657211007756,5,0,1,1,1,11:31:25
1657211007756,6,1,0,0,0,11:31:32
1657211007756,1,2,0,1,0,11:31:36
1657211007756,10,2,1,2,0,11:31:43
1657211007756,5,1,1,2,1,11:31:44
1657211007756,2,0,1,1,1,11:31:46
1657211007756,6,0,0,0,1,11:31:48
1657211007756,1,1,0,0,0,11:31:49
1657211007756,2,1,1,1,0,11:31:54
1657211007756,5,2,1,1,1,11:31:59
1657211007756,5,1,1,2,1,11:32:03
1657211007756,2,1,0,1,1,11:32:04
1657211007756,2,1,1,1,0,11:32:14
1657211007756,6,0,1,1,1,11:32:19
1657211007756,1,0,0,0,1,11:32:24
1657211007756,2,1,0,0,0,11:32:26
1657211007756,6,1,1,1,0,11:32:30
1657211007756,5,2,1,1,1,11:32:31
1657211007756,5,1,1,2,1,11:32:33
1657211007756,6,1,0,1,1,11:32:38
1657211007756,2,0,0,1,0,11:32:39
1657211007756,3,0,2,0,1,11:33:00
1657211007756,7,1,2,0,2,11:33:03
1657211007756,6,1,1,1,2,11:33:04
1657211007756,5,2,1,1,1,11:33:05
1657211007756,10,2,0,2,1,11:33:09
1657211007756,9,3,0,2,0,11:33:14
1657211007756,1,0,1,0,0,11:32:48
1657211007756,9,2,0,3,0,11:33:27
1657211007756,10,2,1,2,0,11:33:32
1657211007756,10,2,0,2,1,11:33:35
1657211007756,2,1,0,2,0,11:33:36
1657211007756,9,3,0,2,0,11:33:58
1657211007756,13,3,1,3,0,11:34:01
1657211007756,14,3,2,3,1,11:34:02
1657211007756,15,3,3,3,2,11:34:03
1657211007756,12,2,3,3,3,11:34:13
1657211007756,2,2,0,1,0,11:33:53
1657211007756,8,1,3,2,3,11:34:16
1657211007756,4,0,3,1,3,11:34:18
1657211007756,6,1,2,1,3,11:34:30
1657211007756,7,0,2,1,2,11:34:32
1657211007756,4,1,3,0,3,11:34:28
1657211007756,4,0,3,0,2,11:34:36
1657211007756,6,1,3,0,3,11:34:39
1657211007756,7,1,2,1,3,11:34:40
1657211007756,5,1,1,1,2,11:34:44
1657211007756,2,1,0,1,1,11:34:45
1657211007756,3,0,1,0,0,11:34:49
1657211007756,2,1,1,0,1,11:34:50
1657211007756,3,0,0,1,0,11:34:53
1657211007756,1,0,0,1,0,11:34:47
1657211007756,3,1,0,0,0,11:34:57
1657211007756,1,1,0,1,1,11:34:52
1657211007756,1,1,1,1,0,11:35:04
1657211007756,5,1,2,1,1,11:35:06
1657211007756,4,0,2,1,2,11:35:08
1657211007756,2,0,1,0,2,11:35:09
1657211007756,3,0,0,0,1,11:35:14
1657211007756,1,1,0,0,0,11:35:15
1657211007756,2,0,2,1,2,11:35:21
1657211007756,5,1,1,1,0,11:35:18
1657211007756,3,0,1,0,2,11:35:22
1657211007756,4,1,2,1,1,11:35:19
1657211007756,4,1,1,0,1,11:35:23
1657211007756,2,1,2,1,1,11:35:25
1657211007756,7,1,3,1,2,11:35:29
1657211007756,3,0,2,0,3,11:35:36
1657211007756,4,0,1,0,2,11:35:37
1657211007756,2,1,1,0,1,11:35:38
1657211007756,7,1,2,1,1,11:35:40
1657211007756,3,0,3,0,2,11:35:44
1657211007756,6,1,3,0,3,11:35:45
1657211007756,6,0,3,1,3,11:35:30
1657211007756,4,0,2,1,2,11:35:43
1657211007756,4,1,2,1,3,11:35:57
1657211007756,3,0,2,1,2,11:36:00
1657211007756,6,0,3,0,2,11:36:00
1657211007756,4,1,3,0,3,11:36:01
1657211007756,3,1,2,1,3,11:36:07
1657211007756,3,1,3,1,2,11:36:12
1657211007756,6,0,2,1,2,11:36:08
1657211007756,6,0,2,0,3,11:36:14
1657211007756,3,1,2,0,2,11:36:15
1657211007756,4,1,3,1,2,11:36:17
1657211007756,4,0,3,1,3,11:36:13
1657211007756,6,1,2,0,2,11:36:10
1657211007756,6,0,3,1,3,11:36:18
1657211007756,3,0,2,0,3,11:36:19
1657211007756,4,1,2,0,2,11:36:21
1657211007756,6,1,3,1,2,11:36:22
1657211007756,3,0,3,1,3,11:36:23
1657211007756,4,0,2,0,3,11:36:30
1657211007756,2,0,1,0,2,11:36:37
1657211007756,1,0,0,0,1,11:36:39
1657211007756,5,1,0,0,0,11:36:43
1657211007756,7,1,1,1,0,11:36:44
1657211007756,4,0,3,1,3,11:36:50
1657211007756,6,1,2,1,1,11:36:45
1657211007756,3,1,3,1,2,11:36:49
1657211007756,2,0,2,0,3,11:36:57
1657211007756,3,1,2,0,2,11:36:58
1657211007756,3,0,2,1,2,11:37:00
1657211007756,1,0,1,0,2,11:37:01
1657211007756,6,1,1,0,1,11:37:04
1657211007756,3,1,2,1,1,11:37:07
1657211007756,4,1,3,1,2,11:37:10
1657211007756,4,1,2,1,3,11:37:20
1657211007756,3,1,1,1,2,11:37:22
1657211007756,7,1,1,1,0,11:37:26
1657211007756,6,0,1,1,1,11:37:28
1657211007756,5,0,0,0,1,11:37:29
1657211007756,7,1,0,0,0,11:37:30
1657211007756,7,1,0,1,1,11:37:23
1657211007756,6,1,1,1,0,11:37:32
1657211007756,5,0,1,1,1,11:37:35
1657211007756,1,0,1,0,2,11:37:44
1657211007756,7,0,0,0,1,11:37:46
1657211007756,1,0,2,0,1,11:37:40
1657211007756,6,1,0,0,0,11:37:47
1657211007756,5,1,1,1,0,11:37:49
1657211007756,7,0,1,1,1,11:37:54
1657211007756,1,0,2,0,1,11:38:01
1657211007756,2,0,3,0,2,11:38:06
1657211007756,2,0,2,0,3,11:38:10
1657211007756,3,1,2,0,2,11:38:11
1657211007756,4,1,3,1,2,11:38:12
1657211007756,2,0,3,1,3,11:38:13
1657211007756,3,0,2,0,3,11:38:14
1657211007756,7,1,1,0,1,11:38:19
1657211007756,1,0,1,0,2,11:38:19
1657211007756,4,1,2,1,1,11:38:20
1657211007756,2,1,3,1,2,11:38:22
1657211007756,3,0,3,1,3,11:38:25
1657211007756,1,0,2,0,3,11:38:28
1657211007756,6,0,0,0,1,11:38:45
1657211007756,7,0,1,0,2,11:38:44
1657211007756,4,1,1,1,0,11:39:34
1657211007756,5,1,0,0,0,11:39:32
1657211007756,2,1,2,1,1,11:39:41
1657211007756,3,1,3,0,3,11:39:47
1657211007756,1,0,2,0,3,11:39:51
1657211007756,6,0,1,0,2,11:39:53
1657211007756,2,1,1,0,1,11:39:53
1657211007756,7,1,2,1,1,11:39:54
1657211007756,3,0,3,1,3,11:39:50
1657211007756,7,1,1,1,0,11:40:02
1657211007756,6,1,2,1,1,11:40:03
1657211007756,7,0,2,1,2,11:39:45
1657211007756,2,0,1,0,2,11:39:57
1657211007756,1,0,3,0,2,11:39:46
1657211007756,4,1,0,0,0,11:40:01
1657211007756,1,0,3,1,3,11:40:06
1657211007756,3,1,2,0,2,11:40:09
1657211007756,1,1,3,1,2,11:40:12
1657211007756,6,0,2,1,2,11:39:56
1657211007756,2,0,3,1,3,11:40:13
1657211007756,5,0,0,0,1,11:40:00
1657211007756,3,0,2,0,3,11:40:19
1657211007756,5,0,1,0,2,11:40:20
1657211007756,6,1,1,0,1,11:40:23
1657211007756,1,1,2,1,1,11:40:24
1657211007756,3,1,3,1,2,11:40:05
1657211007756,3,0,3,1,3,11:40:26
1657211007756,2,0,2,0,3,11:40:07
1657211007756,5,0,2,0,3,11:40:32
1657211007756,6,0,1,0,2,11:40:33
1657211007756,4,0,0,0,1,11:40:36
1657211007756,7,1,0,0,0,11:40:38
1657211007756,1,1,1,1,0,11:40:39
1657211007756,2,1,2,1,1,11:40:41
1657211007756,6,0,2,1,2,11:40:45
1657211007756,4,0,1,0,2,11:40:46
1657211007756,2,1,3,1,2,11:40:25
1657211007756,1,1,0,0,0,11:40:54
1657211007756,2,1,1,1,0,11:40:57
1657211007756,7,0,0,0,1,11:40:49
1657211007756,7,0,1,0,0,11:41:10
1657211007756,2,1,1,0,1,11:41:12
1657211007756,2,1,0,1,1,11:41:03
1657211007756,6,1,2,1,1,11:41:16
1657211007756,3,1,3,1,2,11:41:18
1657211007756,5,0,3,1,3,11:41:19
1657211007756,1,0,0,1,0,11:41:06
1657211007756,4,0,2,0,3,11:41:20
1657211007756,3,1,2,0,2,11:41:24
1657211007756,6,1,1,1,2,11:41:28
1657211007756,1,1,0,1,1,11:41:29
1657211007756,7,0,0,1,0,11:41:34
1657211007756,7,1,0,0,0,11:41:38
1657211007756,9,2,0,1,0,11:41:40
1657211007756,10,2,1,2,0,11:41:44
1657211007756,9,1,0,1,1,11:41:46
1657211007756,1,1,1,2,1,11:41:45
1657211007756,9,1,1,2,1,11:41:51
1657211007756,10,1,0,1,1,11:41:52
1657211007756,1,2,1,2,0,11:41:50
1657211007756,10,2,0,1,0,11:41:48
1657211007756,1,1,0,2,0,11:41:56
1657211007756,7,0,0,1,0,11:41:57
1657211007756,1,2,0,1,0,11:41:55
1657211007756,7,1,0,0,0,11:42:06
1657211007756,10,1,1,2,1,11:42:11
1657211007756,1,2,0,1,0,11:42:09
1657211007756,1,1,0,1,1,11:42:14
1657211007756,9,2,1,2,0,11:42:10
1657211007756,2,0,1,1,1,11:42:19
1657211007756,7,0,0,0,1,11:42:20
1657211007756,1,1,0,0,0,11:42:21
1657211007756,1,1,1,1,0,11:42:17
1657211007756,9,2,0,1,0,11:42:24
1657211007756,10,2,1,2,0,11:42:25
1657211007756,2,1,1,2,1,11:42:28
1657211007756,7,0,1,1,1,11:42:29
1657211007756,7,1,1,1,0,11:42:35
1657211007756,1,0,0,0,1,11:42:33
1657211007756,9,1,0,0,0,11:42:34
1657211007756,7,1,0,1,1,11:42:41
1657211007756,10,2,0,1,0,11:42:46
1657211007756,2,2,1,2,0,11:42:47
1657211007756,7,1,1,2,1,11:42:49
1657211007756,1,0,1,1,1,11:42:50
1657211007756,9,0,0,0,1,11:42:52
1657211007756,10,1,0,0,0,11:42:53
1657211007756,1,1,1,1,0,11:42:55
1657211007756,1,1,0,1,1,11:42:56
1657211007756,2,2,0,1,0,11:42:57
1657211007756,7,2,1,2,0,11:42:59
1657211007756,1,1,1,2,1,11:43:04
1657211007756,9,0,1,1,1,11:43:06
1657211007756,10,0,0,0,1,11:43:07
1657211007756,9,1,1,1,0,11:43:10
1657211007756,10,0,1,1,1,11:43:11
1657211007756,9,1,0,0,0,11:43:17
1657211007756,2,1,0,0,0,11:43:09
1657211007756,7,1,0,1,1,11:43:22
1657211007756,2,0,0,0,1,11:43:13
1657211007756,1,2,0,1,0,11:43:24
1657211007756,1,1,0,2,0,11:43:27
1657211007756,9,0,0,1,0,11:43:31
1657211007756,7,2,0,1,0,11:43:19
1657211007756,2,0,1,0,0,11:43:33
1657211007756,1,2,1,2,0,11:43:19
1657211007756,10,1,1,2,1,11:43:21
1657211007756,2,0,0,0,1,11:43:34
1657211007756,9,1,0,0,0,11:43:35
1657211007756,1,2,0,1,0,11:43:36
1657211007756,10,2,1,2,0,11:43:38
1657211007756,7,1,1,2,1,11:43:42
1657211007756,1,1,0,0,0,11:43:46
1657211007756,9,0,0,0,1,11:43:45
1657211007756,7,2,1,2,0,11:43:53
1657211007756,2,0,1,1,1,11:43:44
1657211007756,10,2,0,1,0,11:43:48
1657211007756,1,0,0,0,1,11:44:01
1657211007756,9,1,1,1,0,11:44:04
1657211007756,2,2,1,1,1,11:44:05
1657211007756,2,1,1,2,1,11:43:54
1657211007756,9,0,1,1,1,11:43:55
1657211007756,10,0,0,1,0,11:44:11
1657211007756,10,1,0,0,0,11:44:02
1657211007756,7,2,0,2,1,11:44:07
1657211007756,9,1,0,2,0,11:44:08
1657211007756,5,1,3,1,2,11:44:23
1657211007756,1,0,1,0,0,11:44:12
1657211007756,2,1,1,0,1,11:44:13
1657211007756,6,1,2,1,1,11:44:21
1657211007756,8,2,3,1,3,11:44:37
1657211007756,11,2,2,2,3,11:44:46
1657211007756,7,2,1,2,2,11:44:48
1657211007756,9,2,0,2,1,11:44:52
1657211007756,10,1,0,2,0,11:44:53
1657211007756,6,1,1,1,0,11:44:56
1657211007756,5,1,2,1,1,11:44:57
1657211007756,7,2,2,1,2,11:45:00
1657211007756,9,2,1,2,2,11:45:01
1657211007756,10,2,0,2,1,11:45:02
1657211007756,6,1,0,2,0,11:45:03
1657211007756,5,1,1,1,0,11:45:04
1657211007756,10,2,1,1,1,11:45:08
1657211007756,6,2,0,2,1,11:45:10
1657211007756,6,2,1,2,0,11:45:14
1657211007756,9,2,2,2,1,11:45:15
1657211007756,9,2,1,2,2,11:45:21
1657211007756,10,1,1,2,1,11:45:22
1657211007756,7,1,2,1,1,11:45:31
1657211007756,9,2,2,1,2,11:45:35
1657211007756,10,2,1,2,2,11:45:37
1657211007756,6,2,0,2,1,11:45:38
1657211007756,5,1,0,2,0,11:45:40
1657211007756,7,1,1,1,0,11:45:42
1657211007756,6,2,1,1,1,11:45:52
1657211007756,10,2,2,2,1,11:45:54
1657211007756,9,1,2,2,2,11:45:59
1657211007756,6,1,1,1,2,11:46:03
1657211007756,10,2,1,1,1,11:46:06
1657211007756,7,1,0,2,0,11:46:09
1657211007756,10,1,1,1,0,11:46:10
1657211007756,5,2,0,2,1,11:46:07
1657211007756,10,1,0,2,0,11:46:19
1657211007756,5,2,1,1,1,11:46:13
1657211007756,7,2,0,2,1,11:46:17
1657211007756,6,1,2,1,1,11:46:27
1657211007756,5,1,1,1,0,11:46:20
1657211007756,8,1,3,1,2,11:46:29
1657211007756,11,2,3,1,3,11:46:31
1657211007756,9,2,2,2,3,11:46:32
1657211007756,7,2,1,2,2,11:46:33
1657211007756,6,1,1,2,1,11:46:35
1657211007756,8,1,2,1,1,11:46:40
1657211007756,7,2,2,1,2,11:46:41
1657211007756,6,2,1,2,2,11:46:52
1657211007756,8,1,1,2,1,11:46:54
1657211007756,7,1,2,1,1,11:46:58
1657211007756,9,2,3,1,3,11:47:04
1657211007756,6,2,2,2,3,11:47:07
1657211007756,11,1,2,2,2,11:47:08
1657211007756,11,1,3,1,2,11:46:59
1657211007756,8,2,1,1,1,11:47:16
1657211007756,11,2,2,2,1,11:47:21
1657211007756,6,2,3,2,2,11:47:23
1657211007756,7,1,1,1,2,11:47:11
1657211007756,9,1,3,2,3,11:47:27
1657211007756,7,1,2,1,3,11:47:31
1657211007756,8,1,1,1,2,11:47:32
1657211007756,6,2,2,1,2,11:47:36
1657211007756,9,2,3,2,2,11:47:39
1657211007756,8,1,2,1,1,11:47:35
1657211007756,8,1,1,1,2,11:47:46
1657211007756,7,1,3,2,3,11:47:43
1657211007756,6,1,2,1,3,11:47:44
1657211007756,11,2,1,1,1,11:47:48
1657211007756,9,2,2,2,1,11:47:50
1657211007756,7,2,3,2,2,11:47:52
1657211007756,6,1,3,2,3,11:47:53
1657211007756,8,1,2,1,3,11:47:54
1657211007756,7,2,2,1,2,11:47:57
1657211007756,9,2,1,2,2,11:47:58
1657211007756,11,1,1,2,1,11:48:01
1657211007756,5,1,0,1,1,11:48:09
1657211007756,10,2,0,1,0,11:48:10
1657211007756,11,2,1,2,0,11:48:10
1657211007756,9,2,2,2,1,11:48:11
1657211007756,6,2,3,2,2,11:48:12
1657211007756,5,1,1,2,1,11:48:24
1657211007756,9,2,1,2,2,11:48:23
1657211007756,10,1,0,1,1,11:48:31
1657211007756,11,2,0,1,0,11:48:33
1657211007756,5,2,1,2,0,11:48:34
1657211007756,10,1,1,2,1,11:48:36
1657211007756,10,2,1,1,1,11:48:40
1657211007756,9,2,2,2,1,11:48:41
1657211007756,6,2,3,2,2,11:48:42
1657211007756,6,2,2,2,3,11:48:44
1657211007756,7,1,2,2,2,11:48:47
1657211007756,7,2,2,1,2,11:48:50
1657211007756,9,2,1,2,2,11:48:52
1657211007756,10,1,1,2,1,11:48:54
1657211007756,11,1,0,1,1,11:48:56
1657211007756,5,2,0,1,0,11:48:56
1657211007756,10,2,1,2,0,11:49:02
1657211007756,9,2,2,2,1,11:49:08
1657211007756,7,1,2,2,2,11:49:13
1657211007756,11,1,1,1,2,11:49:14
1657211007756,9,2,1,1,1,11:49:15
1657211007756,7,2,2,2,1,11:49:16
1657211007756,11,1,2,2,2,11:49:17
1657211007756,9,1,1,1,2,11:49:26
1657211007756,7,2,1,1,1,11:49:27
1657211007756,11,2,2,2,1,11:49:32
1657211007756,9,1,2,2,2,11:49:33
1657211007756,8,1,3,1,2,11:49:36
1657211007756,6,2,3,1,3,11:49:37
1657211007756,9,2,2,2,3,11:49:41
1657211007756,8,1,2,2,2,11:49:46
1657211007756,6,1,3,1,2,11:49:47
1657211007756,9,2,3,1,3,11:49:49
1657211007756,8,2,2,2,3,11:49:50
1657211007756,11,2,1,2,2,11:49:53
1657211007756,7,1,1,2,1,11:49:55
1657211007756,11,2,2,1,2,11:49:58
1657211007756,6,1,2,1,1,11:49:56
1657211007756,7,2,1,2,2,11:49:58
1657211007756,7,2,2,2,1,11:50:04
1657211007756,8,2,3,2,2,11:50:06
1657211007756,9,1,3,2,3,11:50:07
1657211007756,11,1,2,1,3,11:50:09
1657211007756,8,2,2,1,2,11:50:10
1657211007756,7,2,1,2,2,11:50:11
1657211007756,7,2,2,2,1,11:50:14
1657211007756,9,2,3,2,2,11:50:15
1657211007756,11,1,3,2,3,11:50:16
1657211007756,8,1,2,1,3,11:50:17
1657211007756,9,2,2,1,2,11:50:20
1657211007756,7,2,1,2,2,11:50:23
1657211007756,7,2,2,2,1,11:50:24
1657211007756,11,2,3,2,2,11:50:25
1657211007756,11,2,2,2,3,11:50:32
1657211007756,7,2,1,2,2,11:50:39
1657211007756,6,1,1,2,1,11:50:44
1657211007756,9,1,2,1,1,11:50:45
1657211007756,7,2,2,1,2,11:50:46
1657211007756,6,2,1,2,2,11:50:48
1657211007756,9,1,1,2,1,11:50:50
1657211007756,9,2,1,1,1,11:50:52
1657211007756,10,2,0,2,1,11:50:54
1657211007756,5,1,0,2,0,11:50:55
1657211007756,9,1,1,1,0,11:50:56
1657211007756,6,2,2,2,1,11:50:58
1657211007756,10,2,1,1,1,11:50:57
1657211007756,7,1,2,2,2,11:51:02
1657211007756,10,1,1,1,2,11:51:03
1657211007756,6,2,1,1,1,11:51:03
1657211007756,6,1,1,1,2,11:51:20
1657211007756,7,2,2,2,1,11:51:16
1657211007756,10,1,2,2,2,11:51:17
1657211007756,7,2,1,1,1,11:51:21
1657211007756,9,1,0,2,0,11:51:24
1657211007756,7,1,1,1,0,11:51:27
1657211007756,6,1,1,1,2,11:51:30
1657211007756,5,2,0,2,1,11:51:24
1657211007756,5,2,1,1,1,11:51:31
1657211007756,9,2,0,2,1,11:51:36
1657211007756,6,1,2,1,1,11:51:29
1657211007756,7,1,0,2,0,11:51:37
1657211007756,5,1,1,1,0,11:51:38
1657211007756,6,1,2,1,1,11:51:45
1657211007756,10,2,2,1,2,11:51:48
1657211007756,9,2,1,2,2,11:51:49
1657211007756,7,2,0,2,1,11:51:51
1657211007756,5,1,0,2,0,11:51:53
1657211007756,6,1,1,1,0,11:51:54
1657211007756,10,1,2,1,1,11:51:55
1657211007756,7,2,1,2,2,11:51:57
1657211007756,9,2,2,1,2,11:51:56
1657211007756,10,1,1,2,1,11:51:59
1657211007756,6,1,0,1,1,11:52:01
1657211007756,5,2,0,1,0,11:52:03
1657211007756,10,2,1,2,0,11:52:07
1657211007756,7,2,2,2,1,11:52:08
1657211007756,9,1,2,2,2,11:52:09
1657211007756,6,1,1,1,2,11:52:10
1657211007756,7,2,1,1,1,11:52:11
1657211007756,9,2,2,2,1,11:52:12
1657211007756,6,1,2,2,2,11:52:19
1657211007756,7,1,1,1,2,11:52:20
1657211007756,9,2,1,1,1,11:52:21
1657211007756,6,2,2,2,1,11:52:22
1657211007756,8,1,3,2,3,11:52:29
1657211007756,11,2,3,2,2,11:52:28
1657211007756,7,1,2,1,3,11:52:30
1657211007756,9,1,1,1,2,11:52:34
1657211007756,6,2,1,1,1,11:52:35
1657211007756,11,2,2,2,1,11:52:38
1657211007756,9,1,2,2,2,11:52:39
1657211007756,7,1,3,1,2,11:52:40
1657211007756,8,2,3,1,3,11:52:41
1657211007756,12,3,3,2,3,11:53:01
1657211007756,15,3,2,3,3,11:53:06
1657211007756,14,3,1,3,2,11:53:07
1657211007756,13,3,0,3,1,11:53:08
1657211007756,10,2,0,3,0,11:53:14
1657211007756,11,2,1,2,0,11:53:17
1657211007756,9,2,2,2,1,11:53:18
1657211007756,14,3,2,2,2,11:53:21
1657211007756,13,3,1,3,2,11:53:22
1657211007756,10,3,0,3,1,11:53:23
1657211007756,9,2,1,2,0,11:53:24
1657211007756,11,2,0,3,0,11:53:24
1657211007756,10,3,1,2,1,11:53:26
1657211007756,11,3,0,3,1,11:53:28
1657211007756,11,3,1,3,0,11:53:30
1657211007756,11,3,0,3,1,11:53:32
1657211007756,9,2,0,3,0,11:53:33
1657211007756,10,2,1,2,0,11:53:34
1657211007756,11,3,1,2,1,11:53:36
1657211007756,14,2,2,3,2,11:53:42
1657211007756,13,3,2,3,1,11:53:41
1657211007756,11,2,1,2,2,11:53:44
1657211007756,10,2,0,2,1,11:53:45
1657211007756,9,3,0,2,0,11:53:47
1657211007756,13,3,1,3,0,11:53:48
1657211007756,14,3,2,3,1,11:53:49
1657211007756,15,3,3,3,2,11:53:50
1657211007756,6,2,2,2,3,11:48:20
1657211180966,1,1,0,1,1,12:29:56
1657211180966,1,1,1,1,0,12:30:02
1657211180966,3,1,2,1,1,12:30:17
1657211180966,2,0,2,1,2,12:30:18
1657211180966,5,0,1,0,2,12:30:20
1657211180966,6,0,0,0,1,12:30:23
1657211180966,3,1,1,1,0,12:30:28
1657211180966,6,0,1,1,1,12:30:35
1657211180966,1,1,0,0,0,12:30:24
1657211180966,6,1,1,0,1,12:30:52
1657211180966,2,1,2,1,1,12:31:04
1657211180966,6,0,1,0,2,12:31:06
1657211180966,3,1,0,1,1,12:31:11
1657211180966,2,1,1,0,1,12:31:07
1657211180966,5,0,2,1,2,12:31:05
1657211180966,3,1,1,1,0,12:31:16
1657211180966,6,0,2,1,2,12:31:19
1657211180966,5,1,2,1,1,12:31:17
1657211180966,6,1,2,0,2,12:31:22
1657211180966,7,2,2,1,2,12:31:24
1657211180966,11,2,3,2,2,12:31:34
1657211180966,12,3,3,2,3,12:31:36
1657211180966,12,2,3,3,3,12:31:52
1657211180966,8,1,3,2,3,12:31:59
1657211180966,7,1,2,1,3,12:32:04
1657211180966,5,1,1,1,2,12:32:07
1657211180966,3,1,0,1,1,12:32:09
1657211180966,1,0,0,1,0,12:32:21
1657211180966,2,0,1,0,0,12:32:23
1657211180966,3,1,1,0,1,12:32:25
1657211180966,5,1,2,1,1,12:32:26
1657211180966,2,0,0,0,1,12:32:31
1657211180966,1,1,0,0,0,12:32:33
1657211180966,5,1,1,1,0,12:32:34
1657211180966,6,1,2,1,1,12:32:36
1657211180966,7,1,3,1,2,12:32:38
1657211180966,6,0,2,1,2,12:32:28
1657211180966,3,0,1,0,2,12:32:29
1657211180966,8,2,3,1,3,12:32:39
1657211180966,12,3,3,2,3,12:32:41
1657211281011,6,0,0,1,0,12:30:31
1657211281011,1,1,0,1,1,12:30:29
1657211281011,1,1,1,0,1,12:30:35
1657211281011,6,1,0,1,1,12:30:39
1657211281011,5,0,0,1,0,12:30:40
1657211281011,1,0,1,0,0,12:30:42
1657211281011,2,0,2,0,1,12:30:43
1657211281011,7,2,2,1,2,12:30:48
1657211281011,3,1,2,0,2,12:30:44
1657211281011,11,2,3,2,2,12:30:51
1657211281011,5,0,1,0,0,12:30:33
1657211281011,12,3,3,2,3,12:30:52
1657210928959,5,0,1,1,1,11:30:49
1657210928959,6,0,0,0,1,11:30:52
1657210928959,1,1,0,0,0,11:30:53
1657210928959,5,1,1,1,0,11:30:54
1657210928959,7,2,2,1,2,11:31:01
1657210928959,11,2,3,2,2,11:31:03
1657210928959,6,0,1,1,1,11:30:56
1657210928959,2,0,2,0,1,11:30:57
1657210928959,3,1,2,0,2,11:30:58
1657210928959,12,3,3,2,3,11:31:04
1657211301879,5,0,1,0,0,09:30:57
1657211301879,6,1,0,1,1,09:31:01
1657211301879,5,0,0,1,0,09:31:02
1657211301879,1,0,1,0,0,09:31:04
1657211301879,1,1,0,1,1,09:30:53
1657211301879,3,1,2,0,2,09:31:09
1657211301879,6,0,0,1,0,09:30:55
1657211301879,1,1,1,0,1,09:30:58
1657211301879,7,2,2,1,2,09:31:11
1657211301879,11,2,3,2,2,09:31:13
1657211301879,12,3,3,2,3,09:31:14
1657211301879,2,0,2,0,1,09:31:07
1657211228952,5,0,1,1,1,12:31:02
1657211228952,6,0,0,0,1,12:31:09
1657211228952,1,1,0,0,0,12:31:12
1657211228952,5,1,1,1,0,12:31:17
1657211228952,2,0,2,0,1,12:31:21
1657211228952,6,0,1,1,1,12:31:19
1657211228952,3,1,2,0,2,12:31:24
1657211228952,7,2,2,1,2,12:31:27
1657211228952,11,2,3,2,2,12:31:31
1657211228952,12,3,3,2,3,12:31:33
1657211262958,5,0,1,1,1,11:31:22
1657211262958,6,0,0,0,1,11:31:26
1657211262958,1,1,0,0,0,11:31:32
1657211262958,5,1,1,1,0,11:31:34
1657211262958,6,0,1,1,1,11:31:36
1657211262958,2,0,2,0,1,11:31:37
1657211262958,3,1,2,0,2,11:31:38
1657211262958,7,2,2,1,2,11:31:42
1657211262958,11,2,3,2,2,11:31:45
1657211262958,12,3,3,2,3,11:31:46
1657211050500,5,0,1,1,1,12:31:25
1657211050500,6,0,0,0,1,12:31:31
1657211050500,1,1,0,0,0,12:31:36
1657211050500,5,1,1,1,0,12:31:43
1657211050500,2,0,2,0,1,12:31:51
1657211050500,6,0,1,1,1,12:31:47
1657211050500,3,1,2,0,2,12:31:55
1657211050500,7,2,2,1,2,12:32:01
1657211050500,12,3,3,2,3,12:32:16
1657211050500,11,2,3,2,2,12:32:11
1657211232699,6,0,0,0,1,11:32:53
1657211232699,5,1,1,1,0,11:32:55
1657211232699,6,0,1,1,1,11:32:56
1657211232699,2,0,2,0,1,11:32:57
1657211232699,3,1,2,0,2,11:32:58
1657211232699,1,1,0,0,0,11:32:55
1657211232699,7,2,2,1,2,11:33:00
1657211232699,11,2,3,2,2,11:33:02
1657211232699,12,3,3,2,3,11:33:03
1657211232699,5,0,1,1,1,11:32:51
1657211427113,1,1,0,1,1,11:33:14
1657211427113,6,0,0,1,0,11:33:15
1657211427113,5,0,1,0,0,11:33:15
1657211427113,1,1,1,0,1,11:33:16
1657211427113,6,1,0,1,1,11:33:18
1657211427113,5,0,0,1,0,11:33:18
1657211427113,2,0,2,0,1,11:33:20
1657211427113,3,1,2,0,2,11:33:20
1657211427113,7,2,2,1,2,11:33:22
1657211427113,11,2,3,2,2,11:33:31
1657211427113,12,3,3,2,3,11:33:31
1657211427113,1,0,1,0,0,11:33:19
1657211302464,5,0,1,1,1,09:33:50
1657211302464,6,0,0,0,1,09:33:51
1657211302464,1,1,0,0,0,09:33:52
1657211302464,5,1,1,1,0,09:33:53
1657211302464,6,0,1,1,1,09:33:54
1657211302464,2,0,2,0,1,09:33:54
1657211302464,3,1,2,0,2,09:33:55
1657211302464,12,3,3,2,3,09:34:03
1657211302464,7,2,2,1,2,09:33:58
1657211302464,11,2,3,2,2,09:34:02
1657211010904,10,1,1,2,1,09:34:29
1657211010904,6,0,0,0,1,09:34:33
1657211010904,10,2,1,1,1,09:34:27
1657211010904,5,1,1,1,0,09:34:40
1657211010904,10,2,1,1,1,09:34:41
1657211010904,1,1,0,0,0,09:34:34
1657211010904,7,2,2,2,1,09:34:42
1657211010904,3,1,2,2,2,09:34:45
1657211010904,5,0,1,1,1,09:34:32
1657211010904,2,0,2,1,2,09:34:49
1657211010904,2,1,2,0,2,09:34:50
1657211010904,3,2,2,1,2,09:34:51
1657211010904,7,2,1,2,2,09:34:52
1657211010904,6,0,1,1,1,09:34:54
1657211010904,3,1,2,0,2,09:34:58
1657211010904,7,2,2,1,2,09:35:01
1657211010904,10,1,1,2,1,09:34:53
1657211010904,11,2,3,2,2,09:35:08
1657211010904,2,0,2,0,1,09:34:57
1657211010904,12,3,3,2,3,09:35:09
1657211003033,1,1,0,1,1,12:34:37
1657211003033,6,0,0,1,0,12:34:39
1657211003033,5,0,1,0,0,12:34:41
1657211003033,1,1,1,0,1,12:34:42
1657211003033,5,0,0,1,0,12:34:44
1657211003033,1,0,1,0,0,12:34:45
1657211003033,2,0,2,0,1,12:34:46
1657211003033,3,1,2,0,2,12:34:48
1657211003033,7,2,2,1,2,12:34:53
1657211003033,11,2,3,2,2,12:34:56
1657211003033,6,1,0,1,1,12:34:43
1657211003033,12,3,3,2,3,12:34:56
1657211552048,2,0,2,0,1,11:43:10
1657211552048,5,0,1,1,1,11:43:03
1657211552048,3,1,2,0,2,11:43:13
1657211552048,7,2,2,1,2,11:43:24
1657211552048,11,2,3,2,2,11:43:28
1657211552048,12,3,3,2,3,11:43:32
1657211552048,12,2,3,3,3,11:43:53
1657211552048,11,2,2,2,3,11:44:07
1657211552048,7,1,2,2,2,11:44:12
1657211552048,5,1,1,1,2,11:44:18
1657211552048,2,0,1,1,1,11:44:27
1657211552048,6,0,0,0,1,11:44:29
1657211552048,1,1,0,0,0,11:44:31
1657211552048,9,2,0,1,0,11:44:44
1657211552048,10,2,1,2,0,11:44:49
1657211552048,2,1,1,2,1,11:44:58
1657211552048,5,1,2,1,1,11:45:03
1657211552048,3,0,2,1,2,11:45:05
1657211552048,6,0,1,0,2,11:45:10
1657211552048,5,1,1,0,1,11:45:14
1657211552048,2,2,1,1,1,11:45:16
1657211552048,10,2,0,2,1,11:45:20
1657211552048,9,1,0,2,0,11:45:22
1657211552048,2,1,1,1,0,11:45:29
1657211552048,3,1,2,1,1,11:45:39
1657211552048,6,0,2,1,2,11:45:41
1657211552048,5,0,1,0,2,11:45:42
1657211552048,3,1,1,0,1,11:45:45
1657211552048,2,1,0,1,1,11:45:48
1657211552048,1,0,0,1,0,11:46:00
1657211552048,1,1,0,0,0,11:46:02
1657211552048,9,2,0,1,0,11:46:09
1657211552048,10,2,1,2,0,11:46:10
1657211552048,7,2,2,2,1,11:46:15
1657211552048,5,0,2,1,2,11:46:18
1657211552048,3,0,1,0,2,11:46:19
1657211552048,2,1,1,0,1,11:46:21
1657211552048,5,1,2,1,1,11:46:22
1657211552048,7,2,1,2,2,11:46:26
1657211552048,6,1,2,2,2,11:46:16
1657211552048,10,2,0,2,1,11:46:27
1657211552048,9,1,0,2,0,11:46:28
1657211552048,5,1,1,1,0,11:46:30
1657211552048,6,2,2,1,2,11:46:24
1657211552048,6,1,2,1,1,11:46:31
1657211552048,11,2,3,2,2,11:46:34
1657211552048,12,3,3,2,3,11:46:36
1657211552048,7,2,2,1,2,11:46:33
1657212053902,6,0,0,0,1,12:46:27
1657212053902,1,1,0,0,0,12:46:28
1657212053902,5,1,1,1,0,12:46:28
1657212053902,1,0,0,0,1,12:46:29
1657212053902,5,0,1,1,1,12:46:26
1657212053902,6,0,1,1,1,12:46:29
1657212053902,1,0,1,0,0,12:46:39
1657212053902,2,0,2,0,1,12:46:40
1657212053902,3,1,2,0,2,12:46:40
1657212053902,12,3,3,2,3,12:46:45
1657212053902,7,2,2,1,2,12:46:43
1657212053902,11,2,3,2,2,12:46:44
1657212459585,5,0,1,1,1,12:50:56
1657212459585,1,1,0,0,0,12:50:59
1657212459585,6,0,0,0,1,12:50:58
1657212459585,5,1,1,1,0,12:51:01
1657212459585,6,0,1,1,1,12:51:02
1657212459585,2,0,2,0,1,12:51:03
1657212459585,3,1,2,0,2,12:51:04
1657212459585,7,2,2,1,2,12:51:11
1657212459585,11,2,3,2,2,12:51:13
1657212459585,12,3,3,2,3,12:51:14
1657213206472,5,0,1,1,1,11:13:06
1657213206472,6,0,0,0,1,11:13:11
1657213206472,1,1,0,0,0,11:13:14
1657213206472,5,1,1,1,0,11:13:23
1657213206472,6,0,1,1,1,11:13:26
1657213206472,2,0,2,0,1,11:13:29
1657213206472,3,1,2,0,2,11:13:31
1657213206472,7,2,2,1,2,11:13:35
1657213206472,11,2,3,2,2,11:13:41
1657213206472,12,3,3,2,3,11:13:44
1657214138357,5,0,1,1,1,13:17:21
1657214138357,6,0,0,0,1,13:17:23
1657214138357,6,0,1,1,1,13:17:26
1657214138357,5,1,1,1,0,13:17:25
1657214138357,1,1,0,0,0,13:17:24
1657214138357,2,0,2,0,1,13:17:27
1657214138357,3,1,2,0,2,13:17:28
1657214138357,7,2,2,1,2,13:17:30
1657214138357,11,2,3,2,2,13:17:32
1657214138357,12,3,3,2,3,13:17:32
1657214448186,1,1,0,1,1,10:25:52
1657214448186,6,0,0,1,0,10:25:58
1657214448186,6,1,0,0,0,10:27:35
1657214448186,1,1,1,1,0,10:27:37
1657214448186,5,0,1,1,1,10:27:39
1657214448186,6,0,0,0,1,10:27:41
1657214448186,1,1,0,0,0,10:27:42
1657214448186,3,1,2,1,1,10:27:57
1657214448186,2,0,2,1,2,10:27:59
1657214448186,5,1,1,1,0,10:27:53
1657214448186,6,0,1,0,2,10:28:01
1657214448186,3,1,1,0,1,10:28:03
1657214448186,2,1,2,1,1,10:28:04
1657214448186,3,0,1,0,2,10:28:08
1657214448186,6,0,2,1,2,10:28:06
1657214448186,2,1,1,0,1,10:28:09
1657214448186,6,1,2,1,1,10:28:12
1657214448186,7,2,2,1,2,10:28:13
1657214448186,11,2,3,2,2,10:28:16
1657214448186,12,3,3,2,3,10:28:17
1657214996530,5,0,1,1,1,13:33:38
1657214996530,1,1,0,0,0,13:33:41
1657214996530,5,1,1,1,0,13:33:45
1657214996530,6,0,0,0,1,13:33:39
1657214996530,6,0,1,1,1,13:33:50
1657214996530,2,0,2,0,1,13:33:51
1657214996530,3,1,2,0,2,13:33:52
1657214996530,7,2,2,1,2,13:33:55
1657214996530,12,3,3,2,3,13:34:00
1657214996530,11,2,3,2,2,13:33:59
1657557945041,5,0,1,1,1,10:47:32
1657557945041,6,0,0,0,1,10:47:33
1657557945041,1,1,0,0,0,10:47:34
1657557945041,5,1,1,1,0,10:47:35
1657557945041,6,0,1,1,1,10:47:35
1657557945041,2,0,2,0,1,10:47:36
1657557945041,7,2,2,1,2,10:47:38
1657557945041,3,1,2,0,2,10:47:37
1657557945041,11,2,3,2,2,10:47:40
1657557945041,12,3,3,2,3,10:47:42
